user_id,cluster_size,cluster_density,shared_device_count,shared_address_count,shared_payment_method_count
user_00c68f75e8,1,0.0,0,0,0
user_00d5e04765,1,0.0,0,0,0
user_0103a65138,2,1.0,0,1,0
user_0153095485,2,1.0,0,1,0
user_0174598ce9,1,0.0,0,0,0
user_0180f7c35c,1,0.0,0,0,0
user_01c442a9d0,1,0.0,0,0,0
user_01e9a99e8a,1,0.0,0,0,0
user_01f3b47b32,1,0.0,0,0,0
user_02168f28f2,2,1.0,1,0,0
user_022aa6e601,1,0.0,0,0,0
user_0252fd4ee0,3,0.6667,1,1,0
user_0272561b9d,1,0.0,0,0,0
user_02e9953fcc,3,1.0,2,0,0
user_0301d7bb2d,4,0.6667,1,0,0
user_031c426e57,4,0.5,1,1,0
user_03899709b9,1,0.0,0,0,0
user_03b2298a6d,1,0.0,0,0,0
user_03dcf43270,3,0.6667,1,1,0
user_03ea6c644d,3,0.6667,1,1,0
user_0400bd6d41,1,0.0,0,0,0
user_0411e424fa,1,0.0,0,0,0
user_0413ea122b,1,0.0,0,0,0
user_047f9876dc,5,0.5,1,0,0
user_04cd4f0bc3,1,0.0,0,0,0
user_0503b9ad37,1,0.0,0,0,0
user_0528f2ad90,1,0.0,0,0,0
user_054129f201,1,0.0,0,0,0
user_0597b97573,1,0.0,0,0,0
user_05b2c9dbbb,1,0.0,0,0,0
user_05e433226f,1,0.0,0,0,0
user_062aeeb227,1,0.0,0,0,0
user_064da5edcf,1,0.0,0,0,0
user_068f07f9e5,2,1.0,1,0,0
user_06b2d3f320,1,0.0,0,0,0
user_06bf316ef0,1,0.0,0,0,0
user_06e1e2f656,1,0.0,0,0,0
user_070b7e5a16,1,0.0,0,0,0
user_072e98198f,2,1.0,1,0,0
user_07323627c1,1,0.0,0,0,0
user_077a2949f6,1,0.0,0,0,0
user_07807a1b93,1,0.0,0,0,0
user_07957260f8,1,0.0,0,0,0
user_07a2656eed,1,0.0,0,0,0
user_07ac534dfb,1,0.0,0,0,0
user_07b92bddc1,1,0.0,0,0,0
user_07f7abbbd0,1,0.0,0,0,0
user_0841338163,1,0.0,0,0,0
user_08821ce59c,1,0.0,0,0,0
user_089ba72186,1,0.0,0,0,0
user_08eacab912,1,0.0,0,0,0
user_08f87242cd,1,0.0,0,0,0
user_09ea25fa27,1,0.0,0,0,0
user_0a3a8925fa,1,0.0,0,0,0
user_0a415f43d0,3,0.6667,0,1,0
user_0a87d5919f,6,1.0,5,2,0
user_0aae4a9832,3,0.6667,0,1,0
user_0b47aaefe4,1,0.0,0,0,0
user_0b6c908116,6,0.6667,3,0,2
user_0ba4b276e0,6,0.8667,0,4,0
user_0be08099ad,3,0.6667,1,0,0
user_0bf992dec4,1,0.0,0,0,0
user_0c9af70125,2,1.0,1,0,0
user_0d4d40810c,1,0.0,0,0,0
user_0e4aa863ed,1,0.0,0,0,0
user_0e86a082e0,2,1.0,1,0,0
user_0ebb392a16,1,0.0,0,0,0
user_0f3159daac,1,0.0,0,0,0
user_0f9ad7f20f,1,0.0,0,0,0
user_0fd72f61af,1,0.0,0,0,0
user_0fe85b71f5,1,0.0,0,0,0
user_0ffbdc6f07,1,0.0,0,0,0
user_10368b3463,1,0.0,0,0,0
user_1042548ceb,1,0.0,0,0,0
user_10b16ebc2e,4,1.0,1,3,0
user_1122b3d596,2,1.0,1,0,0
user_1123857b7a,1,0.0,0,0,0
user_1145db825e,2,1.0,0,1,0
user_11469a344d,1,0.0,0,0,0
user_115e7d5de8,1,0.0,0,0,0
user_11673d7a56,1,0.0,0,0,0
user_1195137a98,3,1.0,0,2,0
user_11bf516e79,1,0.0,0,0,0
user_11cef61f96,1,0.0,0,0,0
user_11f48a64ac,1,0.0,0,0,0
user_1263c7dfb8,1,0.0,0,0,0
user_12eb316552,1,0.0,0,0,0
user_1384140c59,2,1.0,0,1,0
user_1406c81330,1,0.0,0,0,0
user_1411361148,1,0.0,0,0,0
user_142d2949db,1,0.0,0,0,0
user_1492f86a72,5,1.0,3,3,0
user_151f7fcb57,2,1.0,1,0,0
user_15226f036d,2,1.0,1,0,0
user_154ee48e67,1,0.0,0,0,0
user_1555c4aa21,2,1.0,0,1,0
user_156f11be10,1,0.0,0,0,0
user_15992295e9,1,0.0,0,0,0
user_168ba2c4c6,1,0.0,0,0,0
user_18070001da,1,0.0,0,0,0
user_185ed6452d,4,1.0,0,3,0
user_19298398a2,1,0.0,0,0,0
user_196d31a530,1,0.0,0,0,0
user_19a6c9581c,2,1.0,0,1,0
user_19fdda91e0,1,0.0,0,0,0
user_1a16b0092a,1,0.0,0,0,0
user_1a2741c2b9,1,0.0,0,0,0
user_1a45e638b7,1,0.0,0,0,0
user_1b06262ca8,1,0.0,0,0,0
user_1b3cc3e3f4,1,0.0,0,0,0
user_1b3e7ee31b,1,0.0,0,0,0
user_1b51621705,2,1.0,1,0,0
user_1b7f894689,1,0.0,0,0,0
user_1baa3349fd,2,1.0,1,0,0
user_1bd828b62e,1,0.0,0,0,0
user_1be57ad9c2,1,0.0,0,0,0
user_1bfa779a05,1,0.0,0,0,0
user_1c2b5d7863,3,0.6667,0,1,0
user_1c99683049,1,0.0,0,0,0
user_1cda3390a1,1,0.0,0,0,0
user_1d5123e82d,1,0.0,0,0,0
user_1d85151486,1,0.0,0,0,0
user_1d8aebe094,1,0.0,0,0,0
user_1dc1b9e85c,1,0.0,0,0,0
user_1e419ee2dc,2,1.0,0,1,0
user_1e4a95850a,1,0.0,0,0,0
user_1f0438e31f,3,0.6667,1,1,0
user_1f2828cd06,1,0.0,0,0,0
user_1fdfdc5025,1,0.0,0,0,0
user_2021676046,1,0.0,0,0,0
user_202d00c2ea,1,0.0,0,0,0
user_20561facb0,1,0.0,0,0,0
user_21145ec815,1,0.0,0,0,0
user_21198121cc,2,1.0,1,0,0
user_216ef33a74,1,0.0,0,0,0
user_2175669342,1,0.0,0,0,0
user_21b8c4eeb4,7,0.7619,5,0,0
user_2222d25141,2,1.0,0,1,0
user_22bf455d3c,1,0.0,0,0,0
user_22c1471683,1,0.0,0,0,0
user_2339360113,1,0.0,0,0,0
user_235e6c4313,1,0.0,0,0,0
user_23aa4efe45,1,0.0,0,0,0
user_23ad2ea188,2,1.0,0,1,0
user_241d61d766,1,0.0,0,0,0
user_243977e814,2,1.0,0,1,0
user_24445a2eaf,1,0.0,0,0,0
user_251b5751b0,6,0.8667,0,4,3
user_252c5c84ed,1,0.0,0,0,0
user_2594af90e4,4,1.0,3,0,0
user_25ad625c61,5,0.9,3,0,2
user_25b51620d6,4,0.5,0,1,0
user_25cea4929e,1,0.0,0,0,0
user_2647587f44,1,0.0,0,0,0
user_267c2268de,1,0.0,0,0,0
user_267daaf55f,5,1.0,3,3,0
user_26a71b6cab,1,0.0,0,0,0
user_26b260957d,6,0.8667,3,0,3
user_26da4ceed5,1,0.0,0,0,0
user_26e15eedee,1,0.0,0,0,0
user_274802c1bf,6,0.7333,2,0,3
user_2776f1736e,1,0.0,0,0,0
user_277c2e161c,1,0.0,0,0,0
user_2792f963fb,1,0.0,0,0,0
user_27a1cf6443,1,0.0,0,0,0
user_27c2ba7533,7,0.7619,0,4,3
user_286103f0be,1,0.0,0,0,0
user_2864952df0,1,0.0,0,0,0
user_28c4466934,1,0.0,0,0,0
user_28cdf0a342,1,0.0,0,0,0
user_28e5874b51,1,0.0,0,0,0
user_28fd873c29,1,0.0,0,0,0
user_2920db8a23,1,0.0,0,0,0
user_2a18ee05aa,1,0.0,0,0,0
user_2a214ec75f,1,0.0,0,0,0
user_2a31eb8481,1,0.0,0,0,0
user_2a347bafc6,1,0.0,0,0,0
user_2b645ef2a1,1,0.0,0,0,0
user_2b66d1c047,1,0.0,0,0,0
user_2b748925ea,1,0.0,0,0,0
user_2b77342795,1,0.0,0,0,0
user_2b99d8751f,1,0.0,0,0,0
user_2b9ec048a6,1,0.0,0,0,0
user_2bb18a7101,2,1.0,0,1,0
user_2bc9f1b3b7,3,0.6667,1,0,0
user_2bfb62dadf,1,0.0,0,0,0
user_2c15cfb1b5,1,0.0,0,0,0
user_2c6bc501a6,1,0.0,0,0,0
user_2caa0cb282,1,0.0,0,0,0
user_2cdd529401,1,0.0,0,0,0
user_2ce2fed926,6,0.6667,3,2,0
user_2cf2ee33e5,2,1.0,1,0,0
user_2d4545b0c3,1,0.0,0,0,0
user_2d90b9c00f,1,0.0,0,0,0
user_2dad67d59d,1,0.0,0,0,0
user_2e1b3abf2c,1,0.0,0,0,0
user_2e8a22e3a0,3,1.0,0,2,0
user_2eefa44ec5,4,0.5,0,1,0
user_2f0059c555,2,1.0,1,0,0
user_2f77b91256,1,0.0,0,0,0
user_2fa7d89528,1,0.0,0,0,0
user_2fcd7bc960,2,1.0,0,1,0
user_300c042cc9,1,0.0,0,0,0
user_301c56a41c,3,1.0,0,2,0
user_302f1ce6a3,1,0.0,0,0,0
user_31db1338a4,1,0.0,0,0,0
user_31fd44e3a8,3,1.0,0,2,0
user_32d0e2a4d0,1,0.0,0,0,0
user_3392f08434,4,0.6667,0,2,0
user_339e278a63,1,0.0,0,0,0
user_339f7a7544,1,0.0,0,0,0
user_33db4194d4,1,0.0,0,0,0
user_34a1985960,2,1.0,1,0,0
user_34c735c9ef,1,0.0,0,0,0
user_34eb721b8d,2,1.0,0,1,0
user_351ed53afa,1,0.0,0,0,0
user_352e56683e,1,0.0,0,0,0
user_35a7ab92ee,4,1.0,1,3,1
user_36274d1717,1,0.0,0,0,0
user_36966bcf42,6,0.7333,2,2,0
user_369c573ff9,2,1.0,0,1,0
user_36aca8b553,1,0.0,0,0,0
user_36ba5342a1,3,1.0,2,1,0
user_375c834217,1,0.0,0,0,0
user_37b8138bad,1,0.0,0,0,0
user_37fcad02c2,1,0.0,0,0,0
user_381571c89a,2,1.0,0,1,0
user_383d64f0e6,1,0.0,0,0,0
user_393dfbb016,1,0.0,0,0,0
user_39818786b6,1,0.0,0,0,0
user_399cf27022,2,1.0,1,0,0
user_3a09b7a5b6,5,0.9,3,3,1
user_3a49cc6a0e,1,0.0,0,0,0
user_3a59979ddb,1,0.0,0,0,0
user_3a62bc3ebb,6,0.7333,0,0,3
user_3ae7ad47ca,1,0.0,0,0,0
user_3b2cb0314d,2,1.0,0,1,0
user_3ba948b651,2,1.0,0,1,0
user_3beb4c9e32,1,0.0,0,0,0
user_3c1267d5ef,1,0.0,0,0,0
user_3c5edf00f5,1,0.0,0,0,0
user_3c8c3788ae,1,0.0,0,0,0
user_3c9fd2f4e0,1,0.0,0,0,0
user_3cb04b9223,1,0.0,0,0,0
user_3d792e6cfa,1,0.0,0,0,0
user_3d7f399b1d,2,1.0,0,1,0
user_3dd4db9e15,1,0.0,0,0,0
user_3deb45ad33,1,0.0,0,0,0
user_3e07016c12,2,1.0,1,0,0
user_3e32df96b1,1,0.0,0,0,0
user_3ee8120a2d,1,0.0,0,0,0
user_3fc5e940c5,1,0.0,0,0,0
user_3fd5abe6c0,1,0.0,0,0,0
user_40395245be,1,0.0,0,0,0
user_4075662ffb,1,0.0,0,0,0
user_40a1156fa7,1,0.0,0,0,0
user_411394d310,1,0.0,0,0,0
user_4181a338a4,1,0.0,0,0,0
user_420024cf53,1,0.0,0,0,0
user_4207a11554,1,0.0,0,0,0
user_423ea9fee2,1,0.0,0,0,0
user_4265fa1058,1,0.0,0,0,0
user_42a5703a20,1,0.0,0,0,0
user_42debc7456,1,0.0,0,0,0
user_4347534298,1,0.0,0,0,0
user_4354150dec,1,0.0,0,0,0
user_435696c518,1,0.0,0,0,0
user_4447553246,2,1.0,0,1,0
user_448cc766e2,2,1.0,0,1,0
user_4493b78a5e,1,0.0,0,0,0
user_45bce17443,1,0.0,0,0,0
user_47017a283d,1,0.0,0,0,0
user_47750862f2,1,0.0,0,0,0
user_47c5e0726e,1,0.0,0,0,0
user_4806d8f711,1,0.0,0,0,0
user_4841c4a967,1,0.0,0,0,0
user_484d06b26b,1,0.0,0,0,0
user_489752fd45,1,0.0,0,0,0
user_497324b05d,1,0.0,0,0,0
user_49cd2b9595,1,0.0,0,0,0
user_4a1b6cbc35,1,0.0,0,0,0
user_4a77c5aca5,1,0.0,0,0,0
user_4ad1cc5444,1,0.0,0,0,0
user_4ae9d5e159,5,0.9,3,1,0
user_4b0dc47aad,1,0.0,0,0,0
user_4b51221615,1,0.0,0,0,0
user_4b5832dee2,3,1.0,2,1,0
user_4c151e9b90,1,0.0,0,0,0
user_4c55628b3e,1,0.0,0,0,0
user_4c8eb3b99e,1,0.0,0,0,0
user_4cdd1b6dab,1,0.0,0,0,0
user_4d01aee7f7,3,0.6667,1,0,0
user_4d332cc517,1,0.0,0,0,0
user_4d3f96ad01,1,0.0,0,0,0
user_4d46d4fba6,1,0.0,0,0,0
user_4d7b0002ea,1,0.0,0,0,0
user_4d866e8f14,1,0.0,0,0,0
user_4da4ae6e63,2,1.0,0,1,0
user_4dc55ea42e,1,0.0,0,0,0
user_4f2dac7594,1,0.0,0,0,0
user_4f5ee1499f,2,1.0,1,0,0
user_4f876825de,1,0.0,0,0,0
user_4f8aa0f9ac,3,1.0,0,2,0
user_4fda95e808,1,0.0,0,0,0
user_4fdbf3c166,1,0.0,0,0,0
user_501262e66c,1,0.0,0,0,0
user_5093bd5ff4,1,0.0,0,0,0
user_50a099207e,2,1.0,1,0,0
user_5120cd3530,5,0.5,1,1,2
user_515c63cba3,1,0.0,0,0,0
user_5288322d26,2,1.0,0,1,0
user_529c82ca12,2,1.0,0,1,0
user_52a5c334e7,1,0.0,0,0,0
user_52aad7c27d,1,0.0,0,0,0
user_52e0dffacb,1,0.0,0,0,0
user_532394b822,1,0.0,0,0,0
user_53671f3df1,1,0.0,0,0,0
user_5390aefb3d,1,0.0,0,0,0
user_5414d87b69,1,0.0,0,0,0
user_541c44fea3,2,1.0,0,1,0
user_5449dcf513,1,0.0,0,0,0
user_54507195e1,1,0.0,0,0,0
user_545176ca32,6,0.8667,0,3,3
user_5455e53578,1,0.0,0,0,0
user_54cdbef26e,1,0.0,0,0,0
user_5502fc9dc4,2,1.0,1,0,0
user_55219acec9,1,0.0,0,0,0
user_55591f9a47,2,1.0,1,0,0
user_55d7d50463,2,1.0,1,0,0
user_564697521c,6,0.6667,0,2,0
user_5678671faa,1,0.0,0,0,0
user_570a30a7b1,3,1.0,0,2,0
user_575ee7a86e,2,1.0,1,0,0
user_576a02948f,1,0.0,0,0,0
user_57a182048e,1,0.0,0,0,0
user_58180c2380,5,0.9,3,3,0
user_586f3d619e,1,0.0,0,0,0
user_58db20e3dd,2,1.0,0,1,0
user_58e560e8c0,1,0.0,0,0,0
user_5919efd0ed,1,0.0,0,0,0
user_5981d5b0e0,1,0.0,0,0,0
user_598fc8919f,1,0.0,0,0,0
user_59d0f80ca9,1,0.0,0,0,0
user_59e6c6141e,1,0.0,0,0,0
user_5a3638ca68,1,0.0,0,0,0
user_5ab9211eb5,1,0.0,0,0,0
user_5acf7dd08e,1,0.0,0,0,0
user_5b55c32d8d,3,0.6667,1,1,0
user_5be1aadc54,5,0.9,3,0,0
user_5c05d5db17,1,0.0,0,0,0
user_5c80f6d554,5,0.9,3,0,2
user_5cca53ff0d,1,0.0,0,0,0
user_5ccdcbd7aa,3,1.0,0,2,0
user_5cd2486348,1,0.0,0,0,0
user_5dd80f87d4,2,1.0,1,0,0
user_6011238f50,4,1.0,3,0,0
user_6075c9d333,1,0.0,0,0,0
user_6101f4347d,2,1.0,0,1,0
user_6152b11145,1,0.0,0,0,0
user_61bf293079,2,1.0,0,1,0
user_61ee683942,1,0.0,0,0,0
user_6214b08833,4,0.5,1,1,0
user_621badb739,1,0.0,0,0,0
user_625f58ba7d,2,1.0,1,0,0
user_6294e5d9aa,1,0.0,0,0,0
user_6330afa233,3,1.0,0,2,0
user_6404cee1a6,2,1.0,0,1,0
user_645a2f02f6,1,0.0,0,0,0
user_647374a408,6,0.8667,3,0,3
user_6522863115,1,0.0,0,0,0
user_658442a579,1,0.0,0,0,0
user_65a2bac3d7,4,1.0,1,3,0
user_65a6eb3f92,4,0.6667,0,2,0
user_65d8bfc2ce,1,0.0,0,0,0
user_66257463e2,2,1.0,1,0,0
user_66a3466ea7,1,0.0,0,0,0
user_66b381891d,1,0.0,0,0,0
user_67806a6590,1,0.0,0,0,0
user_6788a09584,1,0.0,0,0,0
user_6797a78cef,1,0.0,0,0,0
user_67b2bb0d2d,1,0.0,0,0,0
user_68a9a55da1,1,0.0,0,0,0
user_68d70529fe,2,1.0,1,0,0
user_69cffde5e7,2,1.0,0,1,0
user_69d1e3fa07,2,1.0,0,1,0
user_6b0215e18a,6,1.0,5,0,0
user_6b03629d05,7,0.7619,3,0,0
user_6b27e34cf8,1,0.0,0,0,0
user_6bbca4908c,1,0.0,0,0,0
user_6bbe3c4c3e,3,0.6667,1,0,0
user_6bd524eb4d,1,0.0,0,0,0
user_6c3d232d10,1,0.0,0,0,0
user_6c84008bcb,1,0.0,0,0,0
user_6cbb9b603d,1,0.0,0,0,0
user_6cf1835e03,1,0.0,0,0,0
user_6d36dd53c0,3,1.0,0,2,0
user_6d78d87ccb,2,1.0,0,1,0
user_6dd35a0ead,1,0.0,0,0,0
user_6de360e030,2,1.0,1,0,0
user_6ec584e830,2,1.0,1,0,0
user_6ec9ee5365,3,0.6667,0,1,0
user_6f3a8a0fde,1,0.0,0,0,0
user_6f4f4533ea,2,1.0,1,0,0
user_6f4fd20cef,2,1.0,0,1,0
user_6f5665f5dd,1,0.0,0,0,0
user_6f7a85aaf9,2,1.0,1,0,0
user_6f84a0bb6c,3,0.6667,1,0,0
user_6fdea13d6f,1,0.0,0,0,0
user_6fe4c44852,1,0.0,0,0,0
user_702d4ec80c,1,0.0,0,0,0
user_7059b3296a,1,0.0,0,0,0
user_710392afa2,5,1.0,3,0,1
user_71567ec01a,1,0.0,0,0,0
user_717da990c7,1,0.0,0,0,0
user_71cb682990,5,0.9,3,3,0
user_71d3faaf8a,1,0.0,0,0,0
user_71db772175,1,0.0,0,0,0
user_722d2c2bc1,2,1.0,1,0,0
user_723c5a0c68,2,1.0,0,1,0
user_724974d763,4,0.5,0,1,0
user_7259f68186,6,0.7333,2,0,0
user_7296d4f07d,2,1.0,0,1,0
user_72d29f1619,1,0.0,0,0,0
user_72dd4d3194,1,0.0,0,0,0
user_734c9a35cb,1,0.0,0,0,0
user_7357606bb2,2,1.0,0,1,0
user_7358a6ee3d,1,0.0,0,0,0
user_739a7561a2,1,0.0,0,0,0
user_7409dbcd05,1,0.0,0,0,0
user_74151ce3a6,2,1.0,0,1,0
user_7435bd758d,1,0.0,0,0,0
user_74e294f91c,1,0.0,0,0,0
user_759bb91128,1,0.0,0,0,0
user_75ffd79169,2,1.0,0,1,0
user_760cf6ce58,3,0.6667,1,1,0
user_761179726e,1,0.0,0,0,0
user_7614d568cd,2,1.0,1,0,0
user_7658d01b4d,1,0.0,0,0,0
user_769b997ae8,1,0.0,0,0,0
user_7753592d72,1,0.0,0,0,0
user_779fb69bf2,1,0.0,0,0,0
user_781a3a384f,6,1.0,5,2,0
user_78afef0bef,1,0.0,0,0,0
user_7941a8a12a,1,0.0,0,0,0
user_7950bdde8c,1,0.0,0,0,0
user_79a7a29f04,3,0.6667,1,0,0
user_7a0527e3ae,7,0.7619,3,4,3
user_7a42ea9101,2,1.0,1,0,0
user_7aade93140,3,0.6667,0,1,0
user_7b2544147b,1,0.0,0,0,0
user_7b37e41580,1,0.0,0,0,0
user_7b6ea1c605,1,0.0,0,0,0
user_7be6e558d4,2,1.0,1,0,0
user_7beca91d35,3,1.0,0,2,0
user_7bfc0b8491,3,0.6667,0,1,0
user_7c1d85dc52,2,1.0,0,1,0
user_7c53a23ce1,1,0.0,0,0,0
user_7cb99d88b5,4,1.0,3,0,0
user_7ce0e9c332,1,0.0,0,0,0
user_7e36b2e5c0,2,1.0,1,0,0
user_7e70a8b5dc,1,0.0,0,0,0
user_7ea143876d,1,0.0,0,0,0
user_7efe57777d,2,1.0,1,0,0
user_7f65f2d271,1,0.0,0,0,0
user_7f6bdec1b9,1,0.0,0,0,0
user_7f80c83f13,1,0.0,0,0,0
user_7faf28fcb4,1,0.0,0,0,0
user_7fb03ad755,1,0.0,0,0,0
user_7fec9452e0,1,0.0,0,0,0
user_8012905a82,1,0.0,0,0,0
user_80b3548558,1,0.0,0,0,0
user_812bd63024,1,0.0,0,0,0
user_8172bf61db,5,0.5,0,1,0
user_817712a67a,3,1.0,2,0,0
user_82117f4ee0,1,0.0,0,0,0
user_825d65c5dd,1,0.0,0,0,0
user_826da89518,3,0.6667,1,1,0
user_826dcd61c1,1,0.0,0,0,0
user_827d2135f0,2,1.0,0,1,0
user_8298476aeb,1,0.0,0,0,0
user_8360ac815a,1,0.0,0,0,0
user_8381af1a90,2,1.0,0,1,0
user_8396993a40,1,0.0,0,0,0
user_83fcbdd55c,3,1.0,2,0,0
user_84969831fe,1,0.0,0,0,0
user_86b8f99d6b,1,0.0,0,0,0
user_872a061c9c,1,0.0,0,0,0
user_873bdfb354,1,0.0,0,0,0
user_875dcaf994,1,0.0,0,0,0
user_885e2810f1,1,0.0,0,0,0
user_88a5348616,1,0.0,0,0,0
user_88d6db2e73,1,0.0,0,0,0
user_8914fc8735,1,0.0,0,0,0
user_89911d80d8,2,1.0,0,1,0
user_89aac35ef7,1,0.0,0,0,0
user_89e59408c4,1,0.0,0,0,0
user_8a3b1f23f2,2,1.0,1,0,0
user_8aaf3ec0d5,2,1.0,1,0,0
user_8b01a5b80b,1,0.0,0,0,0
user_8ba45c3713,1,0.0,0,0,0
user_8ba94f20cc,2,1.0,1,0,0
user_8bc5172bae,1,0.0,0,0,0
user_8c20999736,1,0.0,0,0,0
user_8c487f3290,2,1.0,0,1,0
user_8c67814cd2,1,0.0,0,0,0
user_8c726271a0,1,0.0,0,0,0
user_8e7bf7fbc0,1,0.0,0,0,0
user_8ea6208e20,1,0.0,0,0,0
user_8ed391a7a6,2,1.0,1,0,0
user_8f3ed7fb63,1,0.0,0,0,0
user_9070090ab6,5,0.5,0,0,2
user_90b4dde328,1,0.0,0,0,0
user_90d2f982a6,1,0.0,0,0,0
user_90da26ee93,1,0.0,0,0,0
user_90e852101b,1,0.0,0,0,0
user_90fa4976f2,1,0.0,0,0,0
user_91812c60da,1,0.0,0,0,0
user_91dac075f0,1,0.0,0,0,0
user_928ee40db6,1,0.0,0,0,0
user_92ec45fb9e,1,0.0,0,0,0
user_92ed2c4de1,1,0.0,0,0,0
user_93b63bef9b,1,0.0,0,0,0
user_940f9c99c4,1,0.0,0,0,0
user_944561b051,1,0.0,0,0,0
user_9563bb6ff7,2,1.0,0,1,0
user_958b96fa12,1,0.0,0,0,0
user_95b80268d3,1,0.0,0,0,0
user_9602468995,1,0.0,0,0,0
user_967ee392d0,1,0.0,0,0,0
user_971ed3529f,1,0.0,0,0,0
user_976bfdc2dc,2,1.0,0,1,0
user_97da8c0b8e,1,0.0,0,0,0
user_984df33a10,2,1.0,1,0,0
user_9865ab6e6e,2,1.0,1,0,0
user_98b34babe3,3,1.0,2,0,0
user_99d32270b7,1,0.0,0,0,0
user_99d9ba8b62,1,0.0,0,0,0
user_99e4998831,2,1.0,0,1,0
user_99fbc50a46,6,0.6667,3,0,0
user_9a4715e616,1,0.0,0,0,0
user_9a7d0e0e3c,2,1.0,1,0,0
user_9a982d495b,1,0.0,0,0,0
user_9aba4779e7,1,0.0,0,0,0
user_9b118a581b,1,0.0,0,0,0
user_9b231142b7,5,1.0,0,3,1
user_9b508f2c1e,1,0.0,0,0,0
user_9b5866c73c,1,0.0,0,0,0
user_9b6c86c818,3,0.6667,1,1,0
user_9b6e3c6092,2,1.0,0,1,0
user_9b7a32a7a2,2,1.0,1,0,0
user_9b8965cbbc,1,0.0,0,0,0
user_9c189ea43b,1,0.0,0,0,0
user_9c7c1fae2e,1,0.0,0,0,0
user_9ca432b080,1,0.0,0,0,0
user_9cb153675f,2,1.0,0,1,0
user_9d14f533c4,1,0.0,0,0,0
user_9dd561eb46,1,0.0,0,0,0
user_9ddbe71819,2,1.0,0,1,0
user_9df159e5dc,1,0.0,0,0,0
user_9e00809959,1,0.0,0,0,0
user_9e3dc8185a,7,0.7619,3,4,0
user_9e7c1fd561,3,1.0,0,2,0
user_9ed392abe5,1,0.0,0,0,0
user_9f2387ba65,1,0.0,0,0,0
user_9f94426581,1,0.0,0,0,0
user_9fe443ec47,1,0.0,0,0,0
user_a13cc54904,1,0.0,0,0,0
user_a13e8443b4,1,0.0,0,0,0
user_a1652ba9fa,1,0.0,0,0,0
user_a1e270a139,1,0.0,0,0,0
user_a231ad0174,1,0.0,0,0,0
user_a23fa3f7e1,1,0.0,0,0,0
user_a281d21f95,1,0.0,0,0,0
user_a2948602b2,1,0.0,0,0,0
user_a2b7a4c931,1,0.0,0,0,0
user_a2e5e78c07,3,1.0,2,0,0
user_a314f24ed5,1,0.0,0,0,0
user_a337936e14,2,1.0,1,0,0
user_a34fba4301,2,1.0,1,0,0
user_a393d6fdd8,1,0.0,0,0,0
user_a400ffc811,2,1.0,1,0,0
user_a48c90bac5,1,0.0,0,0,0
user_a52884efe6,2,1.0,1,0,0
user_a55517a44e,1,0.0,0,0,0
user_a55b994281,1,0.0,0,0,0
user_a5d44d5e27,1,0.0,0,0,0
user_a620618ae5,1,0.0,0,0,0
user_a7a91527c3,2,1.0,1,0,0
user_a7abb1791b,1,0.0,0,0,0
user_a7c5802a2e,3,0.6667,0,1,0
user_a7dc3a5869,1,0.0,0,0,0
user_a7f5639895,7,0.7619,5,0,3
user_a80025e261,1,0.0,0,0,0
user_a876d95fa4,1,0.0,0,0,0
user_a8f0236119,1,0.0,0,0,0
user_a8ff8c1ceb,3,1.0,0,2,0
user_a923be2b92,1,0.0,0,0,0
user_a949d85b91,6,0.7333,0,2,3
user_a98a016915,1,0.0,0,0,0
user_a99d528234,1,0.0,0,0,0
user_a9d74fe127,1,0.0,0,0,0
user_a9fff1a731,1,0.0,0,0,0
user_aa03f81184,1,0.0,0,0,0
user_aa6000d5f3,2,1.0,1,0,0
user_aa9cb796d4,1,0.0,0,0,0
user_ab1646ef93,2,1.0,0,1,0
user_ab46c2ebad,1,0.0,0,0,0
user_ab4cf6a0f8,1,0.0,0,0,0
user_abc7acfd7b,1,0.0,0,0,0
user_ac4a0d260e,1,0.0,0,0,0
user_acbf154173,1,0.0,0,0,0
user_acdc839e29,1,0.0,0,0,0
user_acde15fe10,7,0.7619,0,0,3
user_ace1c9f360,1,0.0,0,0,0
user_acf130ee24,1,0.0,0,0,0
user_ad015797b6,2,1.0,0,1,0
user_ad985aca4f,1,0.0,0,0,0
user_adad0bb81f,1,0.0,0,0,0
user_ae1ced3099,1,0.0,0,0,0
user_ae6b45ecc9,1,0.0,0,0,0
user_ae7dbe74e8,1,0.0,0,0,0
user_ae85e617fc,1,0.0,0,0,0
user_ae966e330e,3,0.6667,1,0,0
user_aeb569937e,1,0.0,0,0,0
user_aee61788c2,1,0.0,0,0,0
user_af1e1fcf22,1,0.0,0,0,0
user_af274848af,1,0.0,0,0,0
user_afb24ca07e,1,0.0,0,0,0
user_b00b359089,1,0.0,0,0,0
user_b02b255fe9,7,0.7619,5,0,3
user_b05ed3edcb,2,1.0,0,1,0
user_b11398d1c3,1,0.0,0,0,0
user_b1865abd82,1,0.0,0,0,0
user_b19b758b35,1,0.0,0,0,0
user_b1c7e14260,1,0.0,0,0,0
user_b1ff3601b9,1,0.0,0,0,0
user_b29271d320,1,0.0,0,0,0
user_b298f6b020,2,1.0,1,0,0
user_b2ac1509cd,2,1.0,0,1,0
user_b2ba2edcf7,2,1.0,0,1,0
user_b33ad89ab8,1,0.0,0,0,0
user_b3e7d5fa52,1,0.0,0,0,0
user_b43eb13aa7,1,0.0,0,0,0
user_b469fc15b5,3,1.0,0,2,0
user_b46f898210,1,0.0,0,0,0
user_b4b6fa4857,2,1.0,1,0,0
user_b5141f4dc2,1,0.0,0,0,0
user_b530238be2,6,0.8667,3,3,3
user_b56ae00500,1,0.0,0,0,0
user_b56b308aea,1,0.0,0,0,0
user_b5f7f5fff8,3,1.0,2,0,0
user_b68db4ea89,1,0.0,0,0,0
user_b69047af83,1,0.0,0,0,0
user_b6a0eb512f,2,1.0,1,0,0
user_b727556297,1,0.0,0,0,0
user_b75666db61,6,0.8667,1,4,3
user_b761d1efb5,2,1.0,0,1,0
user_b78486ebf6,3,0.6667,1,0,0
user_b7d0960a8b,1,0.0,0,0,0
user_b7f6385f64,1,0.0,0,0,0
user_b8016199de,7,0.7619,5,1,3
user_b87a86fe0a,2,1.0,0,1,0
user_b896b372a4,2,1.0,0,1,0
user_b8cdb54812,6,1.0,5,0,0
user_b91d75b276,1,0.0,0,0,0
user_b9268286a0,1,0.0,0,0,0
user_b95a36f43d,1,0.0,0,0,0
user_ba2f3f3886,1,0.0,0,0,0
user_baa41627d3,1,0.0,0,0,0
user_bbba19263b,1,0.0,0,0,0
user_bbe375a5d8,4,0.5,1,1,0
user_bc2e387e6f,1,0.0,0,0,0
user_bc45bc76b0,1,0.0,0,0,0
user_bca6d045fc,2,1.0,1,0,0
user_bccc12fe02,1,0.0,0,0,0
user_be01899af6,1,0.0,0,0,0
user_be06b3bdd3,2,1.0,1,0,0
user_be255aa9ad,1,0.0,0,0,0
user_be60a3d709,2,1.0,1,0,0
user_be9cb56f7a,1,0.0,0,0,0
user_bed169091d,1,0.0,0,0,0
user_bfbdbecaaa,1,0.0,0,0,0
user_bfca4ab2ae,2,1.0,1,0,0
user_bfe92065d4,3,0.6667,1,1,0
user_c018592fb6,2,1.0,1,0,0
user_c01c81b303,1,0.0,0,0,0
user_c01c92bc57,1,0.0,0,0,0
user_c0698591ab,2,1.0,1,0,0
user_c0ff1656e7,1,0.0,0,0,0
user_c129d6358b,1,0.0,0,0,0
user_c13f3fef34,5,0.9,0,1,2
user_c143cca91c,1,0.0,0,0,0
user_c19b22b25b,1,0.0,0,0,0
user_c240a96a1e,3,0.6667,0,1,0
user_c286e7dd79,1,0.0,0,0,0
user_c42fc41f6f,1,0.0,0,0,0
user_c4b716cd63,2,1.0,0,1,0
user_c4d1590e2a,1,0.0,0,0,0
user_c538192e9f,1,0.0,0,0,0
user_c539b5b6de,1,0.0,0,0,0
user_c5ff17922c,2,1.0,1,0,0
user_c6d282bb36,1,0.0,0,0,0
user_c75d606e47,1,0.0,0,0,0
user_c7ce3c127e,1,0.0,0,0,0
user_c83b8b6ff7,2,1.0,1,0,0
user_c8420be39b,1,0.0,0,0,0
user_c8c6ec6bbd,1,0.0,0,0,0
user_c9649ac9d7,1,0.0,0,0,0
user_c9950a5cf4,4,0.5,1,1,0
user_c9ba3d2c90,1,0.0,0,0,0
user_c9d0fe2d5d,2,1.0,1,0,0
user_c9f2875ddd,2,1.0,0,1,0
user_caf5a5d932,5,0.5,0,0,2
user_cb1157a3cc,1,0.0,0,0,0
user_cb4969a217,4,0.5,0,1,0
user_cb91c5852a,1,0.0,0,0,0
user_cc75a9056a,2,1.0,1,0,0
user_cc93ac547d,3,1.0,2,0,0
user_cca8481ce7,1,0.0,0,0,0
user_cd4e988b38,1,0.0,0,0,0
user_cd72d3f11c,2,1.0,0,1,0
user_ce025631db,1,0.0,0,0,0
user_ce5ec738dd,2,1.0,1,0,0
user_cf6647bd37,1,0.0,0,0,0
user_cf945e5ae3,1,0.0,0,0,0
user_cfb9dfd06f,6,0.7333,0,2,3
user_cfdac02e4d,1,0.0,0,0,0
user_d00b3aacbc,3,0.6667,0,1,0
user_d01375e2d5,1,0.0,0,0,0
user_d016824878,6,0.8667,1,4,3
user_d06444da0e,1,0.0,0,0,0
user_d10c4432ea,1,0.0,0,0,0
user_d14e729ece,7,0.7619,3,4,3
user_d19a32712e,6,1.0,5,2,0
user_d1a1c8028e,2,1.0,1,0,0
user_d1e3bb5a1a,1,0.0,0,0,0
user_d20b2e2c26,2,1.0,1,0,0
user_d30bf68f83,4,1.0,0,3,0
user_d31b992ed2,2,1.0,1,0,0
user_d3c230e777,1,0.0,0,0,0
user_d3d593edc8,1,0.0,0,0,0
user_d3eaeed65d,1,0.0,0,0,0
user_d424d42484,1,0.0,0,0,0
user_d45acfc229,1,0.0,0,0,0
user_d47e112fc9,4,1.0,1,3,0
user_d550d44329,1,0.0,0,0,0
user_d58cee43e9,5,1.0,3,3,0
user_d6c268fee0,1,0.0,0,0,0
user_d79ced2496,3,0.6667,1,1,0
user_d807c88209,3,0.6667,0,1,0
user_d813ab6448,6,0.8667,3,3,0
user_d81827ab70,1,0.0,0,0,0
user_d8aab71438,4,1.0,0,3,0
user_d8d88e452b,1,0.0,0,0,0
user_d908b9836e,1,0.0,0,0,0
user_d92c1f8461,1,0.0,0,0,0
user_d9580cc8e2,1,0.0,0,0,0
user_d9eda2a1d0,2,1.0,0,1,0
user_da15166a8b,1,0.0,0,0,0
user_da35525397,1,0.0,0,0,0
user_da72a1328b,4,1.0,0,3,1
user_dab3e404ea,1,0.0,0,0,0
user_daf83ced84,1,0.0,0,0,0
user_dafdbaa719,1,0.0,0,0,0
user_dc0af13b5c,1,0.0,0,0,0
user_dc1b7474ec,1,0.0,0,0,0
user_dcac1de70b,2,1.0,0,1,0
user_ddb57cccc4,1,0.0,0,0,0
user_ddb90b2f09,7,0.7619,0,1,0
user_ddc0ee379b,2,1.0,0,1,0
user_de20779f4c,1,0.0,0,0,0
user_de84f1b4f2,1,0.0,0,0,0
user_dea674e1b5,1,0.0,0,0,0
user_df87a8d26d,2,1.0,0,1,0
user_df99d37c23,1,0.0,0,0,0
user_dfb642b616,1,0.0,0,0,0
user_e007c67420,1,0.0,0,0,0
user_e073e371b3,3,0.6667,1,0,0
user_e08ffc536c,1,0.0,0,0,0
user_e0e3d394d4,4,1.0,3,0,0
user_e1368aece0,1,0.0,0,0,0
user_e18ad5d11b,6,1.0,5,0,0
user_e18eb02a42,1,0.0,0,0,0
user_e1ab1d829e,1,0.0,0,0,0
user_e1d1f8274a,1,0.0,0,0,0
user_e1d9a71faf,1,0.0,0,0,0
user_e1f487f3de,1,0.0,0,0,0
user_e25bf75734,1,0.0,0,0,0
user_e26c2681c1,2,1.0,0,1,0
user_e339e49f6c,1,0.0,0,0,0
user_e3b2a3eb7c,1,0.0,0,0,0
user_e3fbf48791,2,1.0,1,0,0
user_e4268b0089,2,1.0,0,1,0
user_e5132237a9,1,0.0,0,0,0
user_e5b4e630bb,1,0.0,0,0,0
user_e5f751306f,3,0.6667,1,0,0
user_e70fd3b9d6,1,0.0,0,0,0
user_e75b71a1d0,1,0.0,0,0,0
user_e76da79b0d,1,0.0,0,0,0
user_e77c5c1c6a,2,1.0,0,1,0
user_e7d5a14edb,1,0.0,0,0,0
user_e7d7651a09,1,0.0,0,0,0
user_e7f76e0646,1,0.0,0,0,0
user_e80b8700e7,1,0.0,0,0,0
user_e8751e0089,1,0.0,0,0,0
user_e97123526c,1,0.0,0,0,0
user_e990b50cca,1,0.0,0,0,0
user_e99d8b5f82,6,0.8667,0,0,3
user_e9d21ac761,1,0.0,0,0,0
user_ea00c4513a,1,0.0,0,0,0
user_ea4a5081e8,1,0.0,0,0,0
user_eab1c6e176,2,1.0,0,1,0
user_eb14b0b575,1,0.0,0,0,0
user_eb48404527,1,0.0,0,0,0
user_ebc2191f5a,1,0.0,0,0,0
user_ebdae8e456,1,0.0,0,0,0
user_ebfdfea6fe,6,0.6667,3,2,2
user_ecca332a00,1,0.0,0,0,0
user_ed89e6a097,6,0.6667,0,0,2
user_ed8d144553,1,0.0,0,0,0
user_eda28baa59,1,0.0,0,0,0
user_edb7921e44,1,0.0,0,0,0
user_ee185a17fa,1,0.0,0,0,0
user_ee38c81970,1,0.0,0,0,0
user_ee803f2cfa,5,0.9,0,3,0
user_eedb2b7dbe,7,0.7619,0,4,0
user_eefdebfc6d,1,0.0,0,0,0
user_ef0d5e2ecd,1,0.0,0,0,0
user_f01f9f92dc,1,0.0,0,0,0
user_f08e8a3b78,1,0.0,0,0,0
user_f0d40c7b69,1,0.0,0,0,0
user_f0f363f09f,6,0.8667,0,4,0
user_f159f7040d,1,0.0,0,0,0
user_f16a52298b,1,0.0,0,0,0
user_f1a9c59aff,2,1.0,0,1,0
user_f1af7eabb3,2,1.0,0,1,0
user_f202c5845b,1,0.0,0,0,0
user_f20c71cb6b,7,0.7619,5,0,0
user_f25eceb9b6,1,0.0,0,0,0
user_f26e91fe8d,3,1.0,0,2,0
user_f2a20a101a,1,0.0,0,0,0
user_f2c3714293,1,0.0,0,0,0
user_f3341e8aaa,1,0.0,0,0,0
user_f37bb0032f,7,0.7619,5,0,3
user_f389df6183,1,0.0,0,0,0
user_f444cd77d0,1,0.0,0,0,0
user_f44f0c4899,6,0.8667,0,3,0
user_f487f49168,5,0.9,3,0,1
user_f4cee332e3,2,1.0,0,1,0
user_f521583280,1,0.0,0,0,0
user_f531201ab3,1,0.0,0,0,0
user_f578cf4597,1,0.0,0,0,0
user_f5a394f42b,1,0.0,0,0,0
user_f5e219ea39,1,0.0,0,0,0
user_f658f53b50,2,1.0,1,0,0
user_f6e2b57ca8,1,0.0,0,0,0
user_f70b3dbc94,1,0.0,0,0,0
user_f7211c1007,1,0.0,0,0,0
user_f7271602a5,1,0.0,0,0,0
user_f72f17090a,2,1.0,0,1,0
user_f75739e211,1,0.0,0,0,0
user_f78190b85b,1,0.0,0,0,0
user_f809214567,1,0.0,0,0,0
user_f85dcaf128,1,0.0,0,0,0
user_f8866683ba,1,0.0,0,0,0
user_f90563f901,1,0.0,0,0,0
user_f9c8651f9c,1,0.0,0,0,0
user_fa3bece075,1,0.0,0,0,0
user_fbc34a8439,1,0.0,0,0,0
user_fc0387b5f3,4,0.6667,1,2,0
user_fc2a2e004d,1,0.0,0,0,0
user_fc47577adf,3,1.0,0,2,0
user_fc4fc152e6,2,1.0,0,1,0
user_fc97be5248,1,0.0,0,0,0
user_fcb27af1ef,2,1.0,0,1,0
user_fdde3ee063,2,1.0,0,1,0
user_fe0abbc896,1,0.0,0,0,0
user_fe7ab0c81f,1,0.0,0,0,0
user_fed8d68f9e,2,1.0,1,0,0
user_fee199f3ce,1,0.0,0,0,0
user_ff346ec168,1,0.0,0,0,0
user_ff60779e6e,1,0.0,0,0,0
user_ff87b12b6f,1,0.0,0,0,0
